{
   "2A7E":"Aerobic Heart Rate Lower Limit",
   "2A84":"Aerobic Heart Rate Upper Limit",
   "2A7F":"Aerobic Threshold",
   "2A80":"Age",
   "2A43":"Alert Category ID",
   "2A42":"Alert Category ID Bit Mask",
   "2A06":"Alert Level",
   "2A44":"Alert Notification Control Point",
   "2A3F":"Alert Status",
   "2A81":"Anaerobic Heart Rate Lower Limit",
   "2A82":"Anaerobic Heart Rate Upper Limit",
   "2A83":"Anaerobic Threshold",
   "2A01":"Appearance",
   "2A19":"Battery Level",
   "2A49":"Blood Pressure Feature",
   "2A35":"Blood Pressure Measurement",
   "2A9B":"Body Composition Feature",
   "2A9C":"Body Composition Measurement",
   "2A38":"Body Sensor Location",
   "2AA4":"Bond Management Control Point",
   "2AA5":"Bond Management Feature",
   "2A22":"Boot Keyboard Input Report",
   "2A32":"Boot Keyboard Output Report",
   "2A33":"Boot Mouse Input Report",
   "2A5C":"CSC Feature",
   "2A5B":"CSC Measurement",
   "2A2B":"Current Time",
   "2A66":"Cycling Power Control Point",
   "2A65":"Cycling Power Feature",
   "2A63":"Cycling Power Measurement",
   "2A64":"Cycling Power Vector",
   "2A99":"Database Change Increment",
   "2A85":"Date of Birth",
   "2A86":"Date of Threshold Assessment",
   "2A08":"Date Time",
   "2A0A":"Day Date Time",
   "2A09":"Day of Week",
   "2A00":"Device Name",
   "2A0D":"DST Offset",
   "2A87":"Email Address",
   "2A0C":"Exact Time 256",
   "2A88":"Fat Burn Heart Rate Lower Limit",
   "2A89":"Fat Burn Heart Rate Upper Limit",
   "2A26":"Firmware Revision",
   "2A8A":"First Name",
   "2A8B":"Five Zone Heart Rate Limits",
   "2A8C":"Gender",
   "2A51":"Glucose Feature",
   "2A18":"Glucose Measurement",
   "2A34":"Glucose Measurement Context",
   "2A27":"Hardware Revision",
   "2A39":"Heart Rate Control Point",
   "2A8D":"Heart Rate Max",
   "2A37":"Heart Rate Measurement",
   "2A8E":"Height",
   "2A4C":"HID Control Point",
   "2A4A":"HID Information",
   "2A8F":"Hip Circumference",
   "2A2A":"IEEE 11073-20601 Regulatory Certification Data List",
   "2A36":"Intermediate Cuff Pressure",
   "2A1E":"Intermediate Temperature",
   "2AA2":"Language",
   "2A90":"Last Name",
   "2A6B":"LN Control Point",
   "2A6A":"LN Feature",
   "2A0F":"Local Time Information",
   "2A67":"Location and Speed",
   "2A29":"Manufacturer Name",
   "2A91":"Maximum Recommended Heart Rate",
   "2A21":"Measurement Interval",
   "2A24":"Model Number",
   "2A68":"Navigation",
   "2A46":"New Alert",
   "2A04":"Peripheral Preferred Connection Parameters",
   "2A02":"Peripheral Privacy Flag",
   "2A50":"PnP ID",
   "2A69":"Position Quality",
   "2A4E":"Protocol Mode",
   "2A03":"Reconnection Address",
   "2A52":"Record Access Control Point",
   "2A14":"Reference Time Information",
   "2A4D":"Report",
   "2A4B":"Report Map",
   "2A92":"Resting Heart Rate",
   "2A40":"Ringer Control Point",
   "2A41":"Ringer Setting",
   "2A54":"RSC Feature",
   "2A53":"RSC Measurement",
   "2A55":"SC Control Point",
   "2A4F":"Scan Interval Window",
   "2A31":"Scan Refresh",
   "2A5D":"Sensor Location",
   "2A25":"Serial Number",
   "2A05":"Service Changed",
   "2905":"Characteristic Aggregate Format",
   "2900":"Characteristic Extended Properties",
   "2904":"Characteristic Format",
   "2901":"Characteristic User Description",
   "2902":"Client Characteristic Configuration",
   "2903":"Server Characteristic Configuration",
   "1811":"Alert Notification Service",
   "180F":"Battery Service",
   "1810":"Blood Pressure",
   "181B":"Body Composition",
   "181E":"Bond Management",
   "181F":"Continuous Glucose Monitoring",
   "1805":"Current Time Service",
   "1818":"Cycling Power",
   "1816":"Cycling Speed and Cadence",
   "180A":"Device Information",
   "1800":"Generic Access",
   "1801":"Generic Attribute",
   "1808":"Glucose",
   "1809":"Health Thermometer",
   "180D":"Heart Rate",
   "1812":"Human Interface Device",
   "1802":"Immediate Alert",
   "1803":"Link Loss",
   "1819":"Location and Navigation",
   "1807":"Next DST Change Service",
   "180E":"Phone Alert Status Service",
   "1806":"Reference Time Update Service",
   "1814":"Running Speed and Cadence",
   "1813":"Scan Parameters",
   "1804":"Tx Power",
   "181C":"User Data",
   "181D":"Weight Scale",
   "6E400001-B5A3-F393-E0A9-E50E24DCCA9E":"UART Service",
   "6E400002-B5A3-F393-E0A9-E50E24DCCA9E":"TXD",
   "6E400003-B5A3-F393-E0A9-E50E24DCCA9E":"RXD",
   "2A28":"Software Revision",
   "00001530-1212-EFDE-1523-785FEABCD123":"DFU Service",
   "00002A24-0000-1000-8000-00805F9B34FB":"Model Number",
   "00002A29-0000-1000-8000-00805F9B34FB":"Manufacturer Name",
   "00002A28-0000-1000-8000-00805F9B34FB":"Software Revision",
   "00002A26-0000-1000-8000-00805F9B34FB":"Firmware Revision",
   "00001531-1212-EFDE-1523-785FEABCD123":"DFU Control Point",
   "00001532-1212-EFDE-1523-785FEABCD123":"DFU Packet",
   "00001534-1212-EFDE-1523-785FEABCD123":"DFU Version",
   "EE0C2080-8786-40BA-AB96-99B91AC981D8":"Eddystone Configuration Service",
   "EE0C2081-8786-40BA-AB96-99B91AC981D8":"Eddystone Lock State",
   "EE0C2082-8786-40BA-AB96-99B91AC981D8":"Eddystone Lock",
   "EE0C2083-8786-40BA-AB96-99B91AC981D8":"Eddystone Unlock",
   "EE0C2084-8786-40BA-AB96-99B91AC981D8":"Eddystone URI Data",
   "EE0C2085-8786-40BA-AB96-99B91AC981D8":"Eddystone Flags",
   "EE0C2086-8786-40BA-AB96-99B91AC981D8":"Eddystone Advertised TX Power Levels",
   "EE0C2087-8786-40BA-AB96-99B91AC981D8":"Eddystone TX Power Mode",
   "EE0C2088-8786-40BA-AB96-99B91AC981D8":"Eddystone Beacon Period",
   "EE0C2089-8786-40BA-AB96-99B91AC981D8":"Eddystone Reset",
   "EE0C2090-8786-40BA-AB96-99B91AC981D8":"Eddystone (Reserved)",
   "8D53DC1D-1DB7-4CD3-868B-8A527460AA84":"Newtmgr Service",
   "DA2E7828-FBCE-4E01-AE9E-261174997C48":"Newtmgr Characteristic"
}